datetime,line_id,inflow_m3d,per
2018-01-01,652770,99510.3,0
2018-02-01,652770,875612.0,1
2018-03-01,652770,345300.0,2
2018-04-01,652770,252969.0,3
2018-05-01,652770,174424.0,4
2018-06-01,652770,278105.0,5
2018-07-01,652770,79218.2,6
2018-08-01,652770,83871.1,7
2018-09-01,652770,143566.0,8
2018-10-01,652770,72679.2,9
2018-11-01,652770,149813.0,10
2018-12-01,652770,249751.0,11
2018-01-01,652914,92217.1,0
2018-02-01,652914,848994.0,1
2018-03-01,652914,334635.0,2
2018-04-01,652914,290602.0,3
2018-05-01,652914,154187.0,4
2018-06-01,652914,274254.0,5
2018-07-01,652914,79486.1,6
2018-08-01,652914,78745.0,7
2018-09-01,652914,130865.0,8
2018-10-01,652914,71305.4,9
2018-11-01,652914,139152.0,10
2018-12-01,652914,257972.0,11
2018-01-01,756146,140030.0,0
2018-02-01,756146,1873470.0,1
2018-03-01,756146,722143.0,2
2018-04-01,756146,613525.0,3
2018-05-01,756146,519249.0,4
2018-06-01,756146,530224.0,5
2018-07-01,756146,95093.0,6
2018-08-01,756146,84760.1,7
2018-09-01,756146,124362.0,8
2018-10-01,756146,82618.9,9
2018-11-01,756146,295497.0,10
2018-12-01,756146,582190.0,11
2018-01-01,756300,94374.4,0
2018-02-01,756300,977170.0,1
2018-03-01,756300,313255.0,2
2018-04-01,756300,274312.0,3
2018-05-01,756300,173607.0,4
2018-06-01,756300,268013.0,5
2018-07-01,756300,76405.8,6
2018-08-01,756300,101879.0,7
2018-09-01,756300,100513.0,8
2018-10-01,756300,59853.8,9
2018-11-01,756300,145476.0,10
2018-12-01,756300,239900.0,11
2018-01-01,756368,96673.7,0
2018-02-01,756368,1046510.0,1
2018-03-01,756368,326562.0,2
2018-04-01,756368,279847.0,3
2018-05-01,756368,184564.0,4
2018-06-01,756368,278653.0,5
2018-07-01,756368,80499.7,6
2018-08-01,756368,116648.0,7
2018-09-01,756368,89206.3,8
2018-10-01,756368,63871.8,9
2018-11-01,756368,153424.0,10
2018-12-01,756368,250818.0,11
2018-01-01,756766,96168.5,0
2018-02-01,756766,1040010.0,1
2018-03-01,756766,334836.0,2
2018-04-01,756766,289303.0,3
2018-05-01,756766,213562.0,4
2018-06-01,756766,279069.0,5
2018-07-01,756766,91152.6,6
2018-08-01,756766,94990.3,7
2018-09-01,756766,86963.8,8
2018-10-01,756766,61321.9,9
2018-11-01,756766,155732.0,10
2018-12-01,756766,250913.0,11
2018-01-01,758260,205769.0,0
2018-02-01,758260,2319710.0,1
2018-03-01,758260,1256490.0,2
2018-04-01,758260,1029800.0,3
2018-05-01,758260,605926.0,4
2018-06-01,758260,426727.0,5
2018-07-01,758260,141859.0,6
2018-08-01,758260,242034.0,7
2018-09-01,758260,281119.0,8
2018-10-01,758260,162328.0,9
2018-11-01,758260,411759.0,10
2018-12-01,758260,876278.0,11
2018-01-01,1018005,721255.0,0
2018-02-01,1018005,6492650.0,1
2018-03-01,1018005,3284630.0,2
2018-04-01,1018005,1169330.0,3
2018-05-01,1018005,350477.0,4
2018-06-01,1018005,180236.0,5
2018-07-01,1018005,38321.2,6
2018-08-01,1018005,16744.9,7
2018-09-01,1018005,340152.0,8
2018-10-01,1018005,948990.0,9
2018-11-01,1018005,1895570.0,10
2018-12-01,1018005,4856940.0,11
2018-01-01,1018067,4413330.0,0
2018-02-01,1018067,27774000.0,1
2018-03-01,1018067,24534300.0,2
2018-04-01,1018067,12574400.0,3
2018-05-01,1018067,2457660.0,4
2018-06-01,1018067,1158620.0,5
2018-07-01,1018067,601006.0,6
2018-08-01,1018067,491011.0,7
2018-09-01,1018067,2367260.0,8
2018-10-01,1018067,7231590.0,9
2018-11-01,1018067,18698100.0,10
2018-12-01,1018067,25704900.0,11
2018-01-01,1128237,179813.0,0
2018-02-01,1128237,997985.0,1
2018-03-01,1128237,311938.0,2
2018-04-01,1128237,133458.0,3
2018-05-01,1128237,80386.9,4
2018-06-01,1128237,112796.0,5
2018-07-01,1128237,18232.3,6
2018-08-01,1128237,5502.4,7
2018-09-01,1128237,30437.1,8
2018-10-01,1128237,119060.0,9
2018-11-01,1128237,330068.0,10
2018-12-01,1128237,461608.0,11
2018-01-01,1128335,11223200.0,0
2018-02-01,1128335,47700100.0,1
2018-03-01,1128335,31285800.0,2
2018-04-01,1128335,9699400.0,3
2018-05-01,1128335,4110980.0,4
2018-06-01,1128335,3334730.0,5
2018-07-01,1128335,2179470.0,6
2018-08-01,1128335,2521640.0,7
2018-09-01,1128335,11700900.0,8
2018-10-01,1128335,28031100.0,9
2018-11-01,1128335,24551100.0,10
2018-12-01,1128335,44094400.0,11
2018-01-01,1128707,94736.8,0
2018-02-01,1128707,922185.0,1
2018-03-01,1128707,286670.0,2
2018-04-01,1128707,122355.0,3
2018-05-01,1128707,68501.2,4
2018-06-01,1128707,23921.2,5
2018-07-01,1128707,11540.4,6
2018-08-01,1128707,6119.84,7
2018-09-01,1128707,105504.0,8
2018-10-01,1128707,86610.2,9
2018-11-01,1128707,309272.0,10
2018-12-01,1128707,539663.0,11
2018-01-01,1136230,43784.2,0
2018-02-01,1136230,696100.0,1
2018-03-01,1136230,300041.0,2
2018-04-01,1136230,237412.0,3
2018-05-01,1136230,80453.7,4
2018-06-01,1136230,18782.6,5
2018-07-01,1136230,2567.24,6
2018-08-01,1136230,15997.0,7
2018-09-01,1136230,127585.0,8
2018-10-01,1136230,260174.0,9
2018-11-01,1136230,170202.0,10
2018-12-01,1136230,593882.0,11
2018-01-01,1136258,44859.2,0
2018-02-01,1136258,1289810.0,1
2018-03-01,1136258,717803.0,2
2018-04-01,1136258,408852.0,3
2018-05-01,1136258,88238.7,4
2018-06-01,1136258,20706.8,5
2018-07-01,1136258,1826.36,6
2018-08-01,1136258,3077.28,7
2018-09-01,1136258,115039.0,8
2018-10-01,1136258,484542.0,9
2018-11-01,1136258,637345.0,10
2018-12-01,1136258,1465360.0,11
2018-01-01,1138102,42550.8,0
2018-02-01,1138102,654437.0,1
2018-03-01,1138102,370654.0,2
2018-04-01,1138102,145250.0,3
2018-05-01,1138102,49911.4,4
2018-06-01,1138102,12864.2,5
2018-07-01,1138102,1695.26,6
2018-08-01,1138102,3773.26,7
2018-09-01,1138102,13263.2,8
2018-10-01,1138102,116905.0,9
2018-11-01,1138102,339670.0,10
2018-12-01,1138102,715168.0,11
2018-01-01,1841191,203652.0,0
2018-02-01,1841191,869589.0,1
2018-03-01,1841191,715631.0,2
2018-04-01,1841191,590855.0,3
2018-05-01,1841191,363600.0,4
2018-06-01,1841191,313411.0,5
2018-07-01,1841191,84951.7,6
2018-08-01,1841191,62480.4,7
2018-09-01,1841191,126099.0,8
2018-10-01,1841191,75931.2,9
2018-11-01,1841191,368398.0,10
2018-12-01,1841191,658239.0,11
2018-01-01,1841367,130441.0,0
2018-02-01,1841367,711087.0,1
2018-03-01,1841367,295674.0,2
2018-04-01,1841367,397522.0,3
2018-05-01,1841367,235262.0,4
2018-06-01,1841367,642383.0,5
2018-07-01,1841367,115066.0,6
2018-08-01,1841367,68912.0,7
2018-09-01,1841367,165865.0,8
2018-10-01,1841367,80859.8,9
2018-11-01,1841367,237705.0,10
2018-12-01,1841367,345518.0,11
2018-01-01,1841397,35678700.0,0
2018-02-01,1841397,170104000.0,1
2018-03-01,1841397,123315000.0,2
2018-04-01,1841397,82091200.0,3
2018-05-01,1841397,87413700.0,4
2018-06-01,1841397,81710500.0,5
2018-07-01,1841397,70351500.0,6
2018-08-01,1841397,66507000.0,7
2018-09-01,1841397,121844000.0,8
2018-10-01,1841397,113222000.0,9
2018-11-01,1841397,131335000.0,10
2018-12-01,1841397,115964000.0,11
2018-01-01,3665570,1220820.0,0
2018-02-01,3665570,8667950.0,1
2018-03-01,3665570,8292180.0,2
2018-04-01,3665570,6620820.0,3
2018-05-01,3665570,4526310.0,4
2018-06-01,3665570,2084960.0,5
2018-07-01,3665570,1171550.0,6
2018-08-01,3665570,3493000.0,7
2018-09-01,3665570,3180330.0,8
2018-10-01,3665570,1150710.0,9
2018-11-01,3665570,2917050.0,10
2018-12-01,3665570,6818970.0,11
2018-01-01,5092634,35539000.0,0
2018-02-01,5092634,29929200.0,1
2018-03-01,5092634,29372900.0,2
2018-04-01,5092634,26032500.0,3
2018-05-01,5092634,85122200.0,4
2018-06-01,5092634,105331000.0,5
2018-07-01,5092634,44502500.0,6
2018-08-01,5092634,55047500.0,7
2018-09-01,5092634,107677000.0,8
2018-10-01,5092634,112091000.0,9
2018-11-01,5092634,75745500.0,10
2018-12-01,5092634,62941800.0,11
2018-01-01,5247764,95002.7,0
2018-02-01,5247764,690101.0,1
2018-03-01,5247764,333593.0,2
2018-04-01,5247764,333742.0,3
2018-05-01,5247764,276157.0,4
2018-06-01,5247764,318136.0,5
2018-07-01,5247764,88478.2,6
2018-08-01,5247764,68546.7,7
2018-09-01,5247764,140492.0,8
2018-10-01,5247764,73125.9,9
2018-11-01,5247764,179689.0,10
2018-12-01,5247764,307767.0,11
2018-01-01,5247772,103770.0,0
2018-02-01,5247772,788225.0,1
2018-03-01,5247772,337818.0,2
2018-04-01,5247772,350795.0,3
2018-05-01,5247772,275401.0,4
2018-06-01,5247772,247344.0,5
2018-07-01,5247772,85175.3,6
2018-08-01,5247772,68303.3,7
2018-09-01,5247772,168739.0,8
2018-10-01,5247772,74730.4,9
2018-11-01,5247772,176408.0,10
2018-12-01,5247772,319657.0,11
2018-01-01,5248166,210746.0,0
2018-02-01,5248166,2351260.0,1
2018-03-01,5248166,1274650.0,2
2018-04-01,5248166,1387110.0,3
2018-05-01,5248166,844091.0,4
2018-06-01,5248166,467039.0,5
2018-07-01,5248166,49135.8,6
2018-08-01,5248166,21767.0,7
2018-09-01,5248166,429763.0,8
2018-10-01,5248166,192075.0,9
2018-11-01,5248166,558822.0,10
2018-12-01,5248166,1098710.0,11
2018-01-01,7522505,170115.0,0
2018-02-01,7522505,2222130.0,1
2018-03-01,7522505,822177.0,2
2018-04-01,7522505,1069170.0,3
2018-05-01,7522505,788394.0,4
2018-06-01,7522505,221492.0,5
2018-07-01,7522505,140315.0,6
2018-08-01,7522505,263163.0,7
2018-09-01,7522505,313952.0,8
2018-10-01,7522505,199868.0,9
2018-11-01,7522505,483345.0,10
2018-12-01,7522505,935186.0,11
2018-01-01,7522639,72423.0,0
2018-02-01,7522639,698629.0,1
2018-03-01,7522639,210910.0,2
2018-04-01,7522639,254879.0,3
2018-05-01,7522639,121535.0,4
2018-06-01,7522639,82855.7,5
2018-07-01,7522639,52916.7,6
2018-08-01,7522639,134281.0,7
2018-09-01,7522639,108569.0,8
2018-10-01,7522639,70956.6,9
2018-11-01,7522639,155741.0,10
2018-12-01,7522639,232167.0,11
2018-01-01,7522649,80182.6,0
2018-02-01,7522649,711002.0,1
2018-03-01,7522649,234709.0,2
2018-04-01,7522649,272409.0,3
2018-05-01,7522649,147737.0,4
2018-06-01,7522649,83001.3,5
2018-07-01,7522649,52050.2,6
2018-08-01,7522649,132745.0,7
2018-09-01,7522649,104962.0,8
2018-10-01,7522649,83089.6,9
2018-11-01,7522649,162958.0,10
2018-12-01,7522649,236645.0,11
2018-01-01,7526431,2257770.0,0
2018-02-01,7526431,11378800.0,1
2018-03-01,7526431,17603500.0,2
2018-04-01,7526431,10326700.0,3
2018-05-01,7526431,7734650.0,4
2018-06-01,7526431,6830890.0,5
2018-07-01,7526431,3288390.0,6
2018-08-01,7526431,4260780.0,7
2018-09-01,7526431,3094450.0,8
2018-10-01,7526431,3200730.0,9
2018-11-01,7526431,4196490.0,10
2018-12-01,7526431,9347630.0,11
2018-01-01,7546613,230831.0,0
2018-02-01,7546613,2966500.0,1
2018-03-01,7546613,938758.0,2
2018-04-01,7546613,1060680.0,3
2018-05-01,7546613,809863.0,4
2018-06-01,7546613,238262.0,5
2018-07-01,7546613,174212.0,6
2018-08-01,7546613,237903.0,7
2018-09-01,7546613,417256.0,8
2018-10-01,7546613,236626.0,9
2018-11-01,7546613,553751.0,10
2018-12-01,7546613,1187300.0,11
2018-01-01,7548953,81502.0,0
2018-02-01,7548953,816880.0,1
2018-03-01,7548953,217109.0,2
2018-04-01,7548953,222141.0,3
2018-05-01,7548953,189978.0,4
2018-06-01,7548953,233376.0,5
2018-07-01,7548953,87716.3,6
2018-08-01,7548953,194458.0,7
2018-09-01,7548953,133679.0,8
2018-10-01,7548953,115381.0,9
2018-11-01,7548953,214591.0,10
2018-12-01,7548953,397356.0,11
2018-01-01,7549149,90312.2,0
2018-02-01,7549149,829783.0,1
2018-03-01,7549149,307256.0,2
2018-04-01,7549149,256015.0,3
2018-05-01,7549149,240375.0,4
2018-06-01,7549149,238127.0,5
2018-07-01,7549149,75577.9,6
2018-08-01,7549149,159192.0,7
2018-09-01,7549149,116850.0,8
2018-10-01,7549149,102385.0,9
2018-11-01,7549149,163534.0,10
2018-12-01,7549149,471418.0,11
2018-01-01,7550145,111536.0,0
2018-02-01,7550145,1640850.0,1
2018-03-01,7550145,456565.0,2
2018-04-01,7550145,222997.0,3
2018-05-01,7550145,104955.0,4
2018-06-01,7550145,122642.0,5
2018-07-01,7550145,33597.6,6
2018-08-01,7550145,49141.4,7
2018-09-01,7550145,21640.4,8
2018-10-01,7550145,60428.5,9
2018-11-01,7550145,347800.0,10
2018-12-01,7550145,823498.0,11
2018-01-01,7550593,99009.0,0
2018-02-01,7550593,982466.0,1
2018-03-01,7550593,256545.0,2
2018-04-01,7550593,148413.0,3
2018-05-01,7550593,76760.3,4
2018-06-01,7550593,105820.0,5
2018-07-01,7550593,17187.4,6
2018-08-01,7550593,82632.4,7
2018-09-01,7550593,74781.0,8
2018-10-01,7550593,107389.0,9
2018-11-01,7550593,239111.0,10
2018-12-01,7550593,477838.0,11
2018-01-01,7551009,109526.0,0
2018-02-01,7551009,1898040.0,1
2018-03-01,7551009,514965.0,2
2018-04-01,7551009,222599.0,3
2018-05-01,7551009,138270.0,4
2018-06-01,7551009,106497.0,5
2018-07-01,7551009,19916.9,6
2018-08-01,7551009,45699.3,7
2018-09-01,7551009,32860.4,8
2018-10-01,7551009,74961.1,9
2018-11-01,7551009,402868.0,10
2018-12-01,7551009,836621.0,11
2018-01-01,7561873,1523120.0,0
2018-02-01,7561873,7100130.0,1
2018-03-01,7561873,5308310.0,2
2018-04-01,7561873,3724010.0,3
2018-05-01,7561873,3116010.0,4
2018-06-01,7561873,1925180.0,5
2018-07-01,7561873,1436410.0,6
2018-08-01,7561873,1599400.0,7
2018-09-01,7561873,1575390.0,8
2018-10-01,7561873,1822350.0,9
2018-11-01,7561873,2202540.0,10
2018-12-01,7561873,4804440.0,11
2018-01-01,7573847,1456480.0,0
2018-02-01,7573847,6378790.0,1
2018-03-01,7573847,5728950.0,2
2018-04-01,7573847,4774420.0,3
2018-05-01,7573847,3608450.0,4
2018-06-01,7573847,1990960.0,5
2018-07-01,7573847,1556960.0,6
2018-08-01,7573847,1818140.0,7
2018-09-01,7573847,1388640.0,8
2018-10-01,7573847,1530790.0,9
2018-11-01,7573847,1983480.0,10
2018-12-01,7573847,3645670.0,11
2018-01-01,7671492,88695.5,0
2018-02-01,7671492,798871.0,1
2018-03-01,7671492,344023.0,2
2018-04-01,7671492,341870.0,3
2018-05-01,7671492,190648.0,4
2018-06-01,7671492,195671.0,5
2018-07-01,7671492,72350.1,6
2018-08-01,7671492,146945.0,7
2018-09-01,7671492,144716.0,8
2018-10-01,7671492,72460.2,9
2018-11-01,7671492,158641.0,10
2018-12-01,7671492,244273.0,11
2018-01-01,7671566,91333.4,0
2018-02-01,7671566,793488.0,1
2018-03-01,7671566,325399.0,2
2018-04-01,7671566,325710.0,3
2018-05-01,7671566,145262.0,4
2018-06-01,7671566,236858.0,5
2018-07-01,7671566,69911.1,6
2018-08-01,7671566,105435.0,7
2018-09-01,7671566,151229.0,8
2018-10-01,7671566,70593.0,9
2018-11-01,7671566,162788.0,10
2018-12-01,7671566,255219.0,11
2018-01-01,7671958,1224640.0,0
2018-02-01,7671958,6699070.0,1
2018-03-01,7671958,6551710.0,2
2018-04-01,7671958,5578310.0,3
2018-05-01,7671958,4100510.0,4
2018-06-01,7671958,1691820.0,5
2018-07-01,7671958,976081.0,6
2018-08-01,7671958,1485100.0,7
2018-09-01,7671958,1701670.0,8
2018-10-01,7671958,1038510.0,9
2018-11-01,7671958,1856020.0,10
2018-12-01,7671958,4362460.0,11
2018-01-01,7672132,178638.0,0
2018-02-01,7672132,2208320.0,1
2018-03-01,7672132,1172940.0,2
2018-04-01,7672132,930036.0,3
2018-05-01,7672132,535198.0,4
2018-06-01,7672132,114318.0,5
2018-07-01,7672132,45717.9,6
2018-08-01,7672132,118514.0,7
2018-09-01,7672132,213633.0,8
2018-10-01,7672132,115706.0,9
2018-11-01,7672132,374177.0,10
2018-12-01,7672132,690925.0,11
2018-01-01,8342379,47029.8,0
2018-02-01,8342379,930330.0,1
2018-03-01,8342379,767860.0,2
2018-04-01,8342379,516303.0,3
2018-05-01,8342379,86500.4,4
2018-06-01,8342379,21758.1,5
2018-07-01,8342379,2660.31,6
2018-08-01,8342379,3532.05,7
2018-09-01,8342379,25161.8,8
2018-10-01,8342379,497222.0,9
2018-11-01,8342379,918966.0,10
2018-12-01,8342379,1557150.0,11
2018-01-01,8342385,35898.6,0
2018-02-01,8342385,610041.0,1
2018-03-01,8342385,417941.0,2
2018-04-01,8342385,235943.0,3
2018-05-01,8342385,73210.1,4
2018-06-01,8342385,18831.9,5
2018-07-01,8342385,2392.67,6
2018-08-01,8342385,3488.84,7
2018-09-01,8342385,89893.8,8
2018-10-01,8342385,323300.0,9
2018-11-01,8342385,532040.0,10
2018-12-01,8342385,674252.0,11
2018-01-01,8342605,78944.9,0
2018-02-01,8342605,529813.0,1
2018-03-01,8342605,325930.0,2
2018-04-01,8342605,215591.0,3
2018-05-01,8342605,53050.6,4
2018-06-01,8342605,17266.5,5
2018-07-01,8342605,6885.18,6
2018-08-01,8342605,6046.86,7
2018-09-01,8342605,38667.9,8
2018-10-01,8342605,154651.0,9
2018-11-01,8342605,406163.0,10
2018-12-01,8342605,580790.0,11
2018-01-01,8342715,53156.7,0
2018-02-01,8342715,567853.0,1
2018-03-01,8342715,415079.0,2
2018-04-01,8342715,248261.0,3
2018-05-01,8342715,84495.2,4
2018-06-01,8342715,19688.1,5
2018-07-01,8342715,2141.26,6
2018-08-01,8342715,2975.62,7
2018-09-01,8342715,18680.6,8
2018-10-01,8342715,285520.0,9
2018-11-01,8342715,444349.0,10
2018-12-01,8342715,619666.0,11
2018-01-01,8342723,50286.4,0
2018-02-01,8342723,881401.0,1
2018-03-01,8342723,789975.0,2
2018-04-01,8342723,509879.0,3
2018-05-01,8342723,95902.3,4
2018-06-01,8342723,21363.9,5
2018-07-01,8342723,2215.75,6
2018-08-01,8342723,2914.41,7
2018-09-01,8342723,16890.1,8
2018-10-01,8342723,426810.0,9
2018-11-01,8342723,706414.0,10
2018-12-01,8342723,1528400.0,11
2018-01-01,8342787,71221.0,0
2018-02-01,8342787,555189.0,1
2018-03-01,8342787,324122.0,2
2018-04-01,8342787,221109.0,3
2018-05-01,8342787,64970.5,4
2018-06-01,8342787,20333.0,5
2018-07-01,8342787,10043.5,6
2018-08-01,8342787,11283.4,7
2018-09-01,8342787,48026.0,8
2018-10-01,8342787,71629.9,9
2018-11-01,8342787,489428.0,10
2018-12-01,8342787,578972.0,11
2018-01-01,8342885,51947.2,0
2018-02-01,8342885,1104860.0,1
2018-03-01,8342885,576115.0,2
2018-04-01,8342885,317932.0,3
2018-05-01,8342885,49146.3,4
2018-06-01,8342885,16172.0,5
2018-07-01,8342885,3793.88,6
2018-08-01,8342885,5392.77,7
2018-09-01,8342885,23524.4,8
2018-10-01,8342885,435319.0,9
2018-11-01,8342885,701558.0,10
2018-12-01,8342885,1426680.0,11
2018-01-01,8342891,87531.9,0
2018-02-01,8342891,1072640.0,1
2018-03-01,8342891,1040250.0,2
2018-04-01,8342891,534308.0,3
2018-05-01,8342891,79814.4,4
2018-06-01,8342891,20307.0,5
2018-07-01,8342891,5001.34,6
2018-08-01,8342891,6099.29,7
2018-09-01,8342891,24691.1,8
2018-10-01,8342891,502987.0,9
2018-11-01,8342891,826666.0,10
2018-12-01,8342891,1718130.0,11
2018-01-01,8344229,98967.7,0
2018-02-01,8344229,643900.0,1
2018-03-01,8344229,345679.0,2
2018-04-01,8344229,210520.0,3
2018-05-01,8344229,67088.3,4
2018-06-01,8344229,27361.3,5
2018-07-01,8344229,35209.6,6
2018-08-01,8344229,97079.4,7
2018-09-01,8344229,59715.8,8
2018-10-01,8344229,73706.3,9
2018-11-01,8344229,407891.0,10
2018-12-01,8344229,561244.0,11
2018-01-01,8344243,211042.0,0
2018-02-01,8344243,1664630.0,1
2018-03-01,8344243,674443.0,2
2018-04-01,8344243,289501.0,3
2018-05-01,8344243,52937.3,4
2018-06-01,8344243,22516.4,5
2018-07-01,8344243,48936.9,6
2018-08-01,8344243,88237.7,7
2018-09-01,8344243,49394.6,8
2018-10-01,8344243,100103.0,9
2018-11-01,8344243,753335.0,10
2018-12-01,8344243,1303560.0,11
2018-01-01,8344267,513950.0,0
2018-02-01,8344267,2474780.0,1
2018-03-01,8344267,1336590.0,2
2018-04-01,8344267,582114.0,3
2018-05-01,8344267,115040.0,4
2018-06-01,8344267,85580.5,5
2018-07-01,8344267,420062.0,6
2018-08-01,8344267,192394.0,7
2018-09-01,8344267,134082.0,8
2018-10-01,8344267,753178.0,9
2018-11-01,8344267,856054.0,10
2018-12-01,8344267,2238790.0,11
2018-01-01,8344293,130351.0,0
2018-02-01,8344293,933239.0,1
2018-03-01,8344293,367074.0,2
2018-04-01,8344293,164950.0,3
2018-05-01,8344293,45892.6,4
2018-06-01,8344293,21320.7,5
2018-07-01,8344293,71639.6,6
2018-08-01,8344293,29522.3,7
2018-09-01,8344293,30545.0,8
2018-10-01,8344293,253725.0,9
2018-11-01,8344293,386990.0,10
2018-12-01,8344293,634617.0,11
2018-01-01,9268692,156855.0,0
2018-02-01,9268692,1471050.0,1
2018-03-01,9268692,631623.0,2
2018-04-01,9268692,648421.0,3
2018-05-01,9268692,402413.0,4
2018-06-01,9268692,325407.0,5
2018-07-01,9268692,71554.8,6
2018-08-01,9268692,131896.0,7
2018-09-01,9268692,105359.0,8
2018-10-01,9268692,72225.6,9
2018-11-01,9268692,298805.0,10
2018-12-01,9268692,510933.0,11
2018-01-01,11780423,106981.0,0
2018-02-01,11780423,932498.0,1
2018-03-01,11780423,280715.0,2
2018-04-01,11780423,143899.0,3
2018-05-01,11780423,78811.5,4
2018-06-01,11780423,30676.1,5
2018-07-01,11780423,8667.95,6
2018-08-01,11780423,142740.0,7
2018-09-01,11780423,755659.0,8
2018-10-01,11780423,132994.0,9
2018-11-01,11780423,171780.0,10
2018-12-01,11780423,489870.0,11
2018-01-01,11780425,108686.0,0
2018-02-01,11780425,948072.0,1
2018-03-01,11780425,282741.0,2
2018-04-01,11780425,144755.0,3
2018-05-01,11780425,100971.0,4
2018-06-01,11780425,31966.5,5
2018-07-01,11780425,9081.88,6
2018-08-01,11780425,144080.0,7
2018-09-01,11780425,785791.0,8
2018-10-01,11780425,126330.0,9
2018-11-01,11780425,174719.0,10
2018-12-01,11780425,521010.0,11
2018-01-01,11782705,2203690.0,0
2018-02-01,11782705,23719200.0,1
2018-03-01,11782705,12619600.0,2
2018-04-01,11782705,6552270.0,3
2018-05-01,11782705,3738320.0,4
2018-06-01,11782705,1436620.0,5
2018-07-01,11782705,1419740.0,6
2018-08-01,11782705,9284800.0,7
2018-09-01,11782705,6467620.0,8
2018-10-01,11782705,5389170.0,9
2018-11-01,11782705,9373220.0,10
2018-12-01,11782705,15092300.0,11
2018-01-01,11800183,183906.0,0
2018-02-01,11800183,2294200.0,1
2018-03-01,11800183,730689.0,2
2018-04-01,11800183,427931.0,3
2018-05-01,11800183,364488.0,4
2018-06-01,11800183,63996.5,5
2018-07-01,11800183,15141.6,6
2018-08-01,11800183,326190.0,7
2018-09-01,11800183,240432.0,8
2018-10-01,11800183,309144.0,9
2018-11-01,11800183,700765.0,10
2018-12-01,11800183,1223890.0,11
2018-01-01,11800401,112334.0,0
2018-02-01,11800401,954925.0,1
2018-03-01,11800401,275761.0,2
2018-04-01,11800401,160088.0,3
2018-05-01,11800401,107062.0,4
2018-06-01,11800401,35530.4,5
2018-07-01,11800401,9622.75,6
2018-08-01,11800401,134802.0,7
2018-09-01,11800401,113334.0,8
2018-10-01,11800401,104089.0,9
2018-11-01,11800401,187842.0,10
2018-12-01,11800401,439067.0,11
2018-01-01,11800567,108529.0,0
2018-02-01,11800567,992184.0,1
2018-03-01,11800567,282279.0,2
2018-04-01,11800567,147017.0,3
2018-05-01,11800567,109305.0,4
2018-06-01,11800567,32239.3,5
2018-07-01,11800567,10168.8,6
2018-08-01,11800567,66646.4,7
2018-09-01,11800567,146072.0,8
2018-10-01,11800567,121239.0,9
2018-11-01,11800567,204570.0,10
2018-12-01,11800567,497961.0,11
2018-01-01,11809912,101163.0,0
2018-02-01,11809912,790508.0,1
2018-03-01,11809912,313123.0,2
2018-04-01,11809912,258451.0,3
2018-05-01,11809912,225851.0,4
2018-06-01,11809912,155452.0,5
2018-07-01,11809912,70791.9,6
2018-08-01,11809912,124383.0,7
2018-09-01,11809912,90731.5,8
2018-10-01,11809912,70215.0,9
2018-11-01,11809912,148895.0,10
2018-12-01,11809912,442568.0,11
2018-01-01,11810128,86926.8,0
2018-02-01,11810128,901898.0,1
2018-03-01,11810128,264365.0,2
2018-04-01,11810128,157697.0,3
2018-05-01,11810128,73887.6,4
2018-06-01,11810128,60887.7,5
2018-07-01,11810128,22739.9,6
2018-08-01,11810128,71103.8,7
2018-09-01,11810128,37026.7,8
2018-10-01,11810128,54666.0,9
2018-11-01,11810128,195679.0,10
2018-12-01,11810128,418120.0,11
2018-01-01,11810494,968895.0,0
2018-02-01,11810494,6468500.0,1
2018-03-01,11810494,2958960.0,2
2018-04-01,11810494,2417710.0,3
2018-05-01,11810494,2833620.0,4
2018-06-01,11810494,1664130.0,5
2018-07-01,11810494,1123320.0,6
2018-08-01,11810494,1558760.0,7
2018-09-01,11810494,971562.0,8
2018-10-01,11810494,917781.0,9
2018-11-01,11810494,2407920.0,10
2018-12-01,11810494,5097860.0,11
2018-01-01,11832722,87078.3,0
2018-02-01,11832722,959373.0,1
2018-03-01,11832722,261404.0,2
2018-04-01,11832722,146120.0,3
2018-05-01,11832722,106321.0,4
2018-06-01,11832722,32771.6,5
2018-07-01,11832722,12184.9,6
2018-08-01,11832722,77629.8,7
2018-09-01,11832722,76145.5,8
2018-10-01,11832722,107952.0,9
2018-11-01,11832722,226378.0,10
2018-12-01,11832722,483664.0,11
2018-01-01,11833760,9239050.0,0
2018-02-01,11833760,41362800.0,1
2018-03-01,11833760,40470300.0,2
2018-04-01,11833760,33994400.0,3
2018-05-01,11833760,25068600.0,4
2018-06-01,11833760,13892700.0,5
2018-07-01,11833760,5250450.0,6
2018-08-01,11833760,7100010.0,7
2018-09-01,11833760,6326280.0,8
2018-10-01,11833760,8648620.0,9
2018-11-01,11833760,18784600.0,10
2018-12-01,11833760,49275700.0,11
2018-01-01,14076476,253106.0,0
2018-02-01,14076476,1295680.0,1
2018-03-01,14076476,543164.0,2
2018-04-01,14076476,364381.0,3
2018-05-01,14076476,240294.0,4
2018-06-01,14076476,356236.0,5
2018-07-01,14076476,244050.0,6
2018-08-01,14076476,106338.0,7
2018-09-01,14076476,179815.0,8
2018-10-01,14076476,121535.0,9
2018-11-01,14076476,186289.0,10
2018-12-01,14076476,546154.0,11
2018-01-01,14076918,9210570.0,0
2018-02-01,14076918,29881300.0,1
2018-03-01,14076918,18038300.0,2
2018-04-01,14076918,12060500.0,3
2018-05-01,14076918,7240960.0,4
2018-06-01,14076918,6617620.0,5
2018-07-01,14076918,2880720.0,6
2018-08-01,14076918,1114270.0,7
2018-09-01,14076918,1727880.0,8
2018-10-01,14076918,1565670.0,9
2018-11-01,14076918,5401060.0,10
2018-12-01,14076918,12824100.0,11
2018-01-01,14100753,373700.0,0
2018-02-01,14100753,1421070.0,1
2018-03-01,14100753,614191.0,2
2018-04-01,14100753,569778.0,3
2018-05-01,14100753,627926.0,4
2018-06-01,14100753,286863.0,5
2018-07-01,14100753,102579.0,6
2018-08-01,14100753,98937.1,7
2018-09-01,14100753,491236.0,8
2018-10-01,14100753,201640.0,9
2018-11-01,14100753,240965.0,10
2018-12-01,14100753,441937.0,11
2018-01-01,14100795,373700.0,0
2018-02-01,14100795,1421070.0,1
2018-03-01,14100795,614191.0,2
2018-04-01,14100795,569778.0,3
2018-05-01,14100795,627926.0,4
2018-06-01,14100795,286863.0,5
2018-07-01,14100795,102579.0,6
2018-08-01,14100795,98937.1,7
2018-09-01,14100795,491236.0,8
2018-10-01,14100795,201640.0,9
2018-11-01,14100795,240965.0,10
2018-12-01,14100795,441937.0,11
2018-01-01,14113064,1625460.0,0
2018-02-01,14113064,3436580.0,1
2018-03-01,14113064,1407970.0,2
2018-04-01,14113064,1397170.0,3
2018-05-01,14113064,1688840.0,4
2018-06-01,14113064,436966.0,5
2018-07-01,14113064,104850.0,6
2018-08-01,14113064,142136.0,7
2018-09-01,14113064,868158.0,8
2018-10-01,14113064,493376.0,9
2018-11-01,14113064,592355.0,10
2018-12-01,14113064,1037740.0,11
2018-01-01,14113082,1549210.0,0
2018-02-01,14113082,3347310.0,1
2018-03-01,14113082,1544350.0,2
2018-04-01,14113082,1235830.0,3
2018-05-01,14113082,1606440.0,4
2018-06-01,14113082,311843.0,5
2018-07-01,14113082,103842.0,6
2018-08-01,14113082,105980.0,7
2018-09-01,14113082,940777.0,8
2018-10-01,14113082,355735.0,9
2018-11-01,14113082,565731.0,10
2018-12-01,14113082,953064.0,11
2018-01-01,14114724,646199.0,0
2018-02-01,14114724,2395830.0,1
2018-03-01,14114724,1151840.0,2
2018-04-01,14114724,974968.0,3
2018-05-01,14114724,1515460.0,4
2018-06-01,14114724,300427.0,5
2018-07-01,14114724,104061.0,6
2018-08-01,14114724,95785.4,7
2018-09-01,14114724,543455.0,8
2018-10-01,14114724,240826.0,9
2018-11-01,14114724,428931.0,10
2018-12-01,14114724,1035840.0,11
2018-01-01,14238768,741498.0,0
2018-02-01,14238768,2650160.0,1
2018-03-01,14238768,1133870.0,2
2018-04-01,14238768,1032010.0,3
2018-05-01,14238768,1092410.0,4
2018-06-01,14238768,477087.0,5
2018-07-01,14238768,210204.0,6
2018-08-01,14238768,113481.0,7
2018-09-01,14238768,835870.0,8
2018-10-01,14238768,361085.0,9
2018-11-01,14238768,464712.0,10
2018-12-01,14238768,891111.0,11
2018-01-01,14239322,1114710.0,0
2018-02-01,14239322,6370270.0,1
2018-03-01,14239322,2840130.0,2
2018-04-01,14239322,2142940.0,3
2018-05-01,14239322,1722860.0,4
2018-06-01,14239322,1083530.0,5
2018-07-01,14239322,556518.0,6
2018-08-01,14239322,279993.0,7
2018-09-01,14239322,1196390.0,8
2018-10-01,14239322,504244.0,9
2018-11-01,14239322,988116.0,10
2018-12-01,14239322,2639270.0,11
2018-01-01,14317041,114537.0,0
2018-02-01,14317041,951622.0,1
2018-03-01,14317041,273013.0,2
2018-04-01,14317041,158252.0,3
2018-05-01,14317041,185481.0,4
2018-06-01,14317041,55413.2,5
2018-07-01,14317041,58809.8,6
2018-08-01,14317041,519070.0,7
2018-09-01,14317041,375273.0,8
2018-10-01,14317041,124883.0,9
2018-11-01,14317041,168428.0,10
2018-12-01,14317041,535247.0,11
2018-01-01,14317361,131368.0,0
2018-02-01,14317361,946296.0,1
2018-03-01,14317361,273684.0,2
2018-04-01,14317361,155686.0,3
2018-05-01,14317361,175124.0,4
2018-06-01,14317361,48793.3,5
2018-07-01,14317361,53782.8,6
2018-08-01,14317361,399227.0,7
2018-09-01,14317361,363901.0,8
2018-10-01,14317361,126480.0,9
2018-11-01,14317361,165425.0,10
2018-12-01,14317361,537640.0,11
2018-01-01,14317497,152555.0,0
2018-02-01,14317497,2034470.0,1
2018-03-01,14317497,674379.0,2
2018-04-01,14317497,303233.0,3
2018-05-01,14317497,300506.0,4
2018-06-01,14317497,50814.9,5
2018-07-01,14317497,29991.1,6
2018-08-01,14317497,408999.0,7
2018-09-01,14317497,396600.0,8
2018-10-01,14317497,240510.0,9
2018-11-01,14317497,323648.0,10
2018-12-01,14317497,1385340.0,11
2018-01-01,14318055,395988.0,0
2018-02-01,14318055,2970290.0,1
2018-03-01,14318055,820603.0,2
2018-04-01,14318055,594912.0,3
2018-05-01,14318055,434781.0,4
2018-06-01,14318055,107998.0,5
2018-07-01,14318055,98861.2,6
2018-08-01,14318055,275570.0,7
2018-09-01,14318055,551754.0,8
2018-10-01,14318055,483744.0,9
2018-11-01,14318055,531719.0,10
2018-12-01,14318055,2015910.0,11
2018-01-01,14318305,387425.0,0
2018-02-01,14318305,2430020.0,1
2018-03-01,14318305,805714.0,2
2018-04-01,14318305,585688.0,3
2018-05-01,14318305,433029.0,4
2018-06-01,14318305,116813.0,5
2018-07-01,14318305,108264.0,6
2018-08-01,14318305,279144.0,7
2018-09-01,14318305,543037.0,8
2018-10-01,14318305,477868.0,9
2018-11-01,14318305,517042.0,10
2018-12-01,14318305,1742830.0,11
2018-01-01,14318963,91361.5,0
2018-02-01,14318963,958348.0,1
2018-03-01,14318963,274782.0,2
2018-04-01,14318963,201891.0,3
2018-05-01,14318963,164297.0,4
2018-06-01,14318963,31965.0,5
2018-07-01,14318963,51614.4,6
2018-08-01,14318963,242978.0,7
2018-09-01,14318963,906256.0,8
2018-10-01,14318963,165082.0,9
2018-11-01,14318963,170832.0,10
2018-12-01,14318963,613197.0,11
2018-01-01,15256580,7698030.0,0
2018-02-01,15256580,1413770.0,1
2018-03-01,15256580,4076390.0,2
2018-04-01,15256580,11478800.0,3
2018-05-01,15256580,7805760.0,4
2018-06-01,15256580,3629090.0,5
2018-07-01,15256580,2802510.0,6
2018-08-01,15256580,1908090.0,7
2018-09-01,15256580,2208440.0,8
2018-10-01,15256580,2086530.0,9
2018-11-01,15256580,1659680.0,10
2018-12-01,15256580,4625610.0,11
2018-01-01,15275268,153663.0,0
2018-02-01,15275268,1299640.0,1
2018-03-01,15275268,363818.0,2
2018-04-01,15275268,400597.0,3
2018-05-01,15275268,202656.0,4
2018-06-01,15275268,326625.0,5
2018-07-01,15275268,106318.0,6
2018-08-01,15275268,52756.7,7
2018-09-01,15275268,154430.0,8
2018-10-01,15275268,73243.1,9
2018-11-01,15275268,328597.0,10
2018-12-01,15275268,504420.0,11
2018-01-01,15276900,2323460.0,0
2018-02-01,15276900,201842.0,1
2018-03-01,15276900,2002250.0,2
2018-04-01,15276900,4196690.0,3
2018-05-01,15276900,3394270.0,4
2018-06-01,15276900,3541910.0,5
2018-07-01,15276900,3403110.0,6
2018-08-01,15276900,921807.0,7
2018-09-01,15276900,3221320.0,8
2018-10-01,15276900,3418890.0,9
2018-11-01,15276900,5079910.0,10
2018-12-01,15276900,2698810.0,11
2018-01-01,15284620,505492.0,0
2018-02-01,15284620,2281920.0,1
2018-03-01,15284620,808811.0,2
2018-04-01,15284620,786016.0,3
2018-05-01,15284620,746482.0,4
2018-06-01,15284620,339812.0,5
2018-07-01,15284620,96667.4,6
2018-08-01,15284620,83248.9,7
2018-09-01,15284620,91788.2,8
2018-10-01,15284620,83167.9,9
2018-11-01,15284620,306642.0,10
2018-12-01,15284620,755725.0,11
2018-01-01,15290594,5135440.0,0
2018-02-01,15290594,2237740.0,1
2018-03-01,15290594,3598200.0,2
2018-04-01,15290594,9987740.0,3
2018-05-01,15290594,8781710.0,4
2018-06-01,15290594,10506400.0,5
2018-07-01,15290594,10337200.0,6
2018-08-01,15290594,7093490.0,7
2018-09-01,15290594,5706230.0,8
2018-10-01,15290594,9014840.0,9
2018-11-01,15290594,8894930.0,10
2018-12-01,15290594,4362010.0,11
2018-01-01,15312663,96480.2,0
2018-02-01,15312663,1055040.0,1
2018-03-01,15312663,279076.0,2
2018-04-01,15312663,222488.0,3
2018-05-01,15312663,147569.0,4
2018-06-01,15312663,33106.8,5
2018-07-01,15312663,47076.0,6
2018-08-01,15312663,205413.0,7
2018-09-01,15312663,411252.0,8
2018-10-01,15312663,127889.0,9
2018-11-01,15312663,175586.0,10
2018-12-01,15312663,818981.0,11
2018-01-01,15312825,195862.0,0
2018-02-01,15312825,2215630.0,1
2018-03-01,15312825,677146.0,2
2018-04-01,15312825,630827.0,3
2018-05-01,15312825,168932.0,4
2018-06-01,15312825,34680.2,5
2018-07-01,15312825,8595.16,6
2018-08-01,15312825,121894.0,7
2018-09-01,15312825,195360.0,8
2018-10-01,15312825,332499.0,9
2018-11-01,15312825,410743.0,10
2018-12-01,15312825,1623440.0,11
2018-01-01,18015256,641815.0,0
2018-02-01,18015256,5457480.0,1
2018-03-01,18015256,2478920.0,2
2018-04-01,18015256,2379780.0,3
2018-05-01,18015256,1205550.0,4
2018-06-01,18015256,899552.0,5
2018-07-01,18015256,143833.0,6
2018-08-01,18015256,118842.0,7
2018-09-01,18015256,1136180.0,8
2018-10-01,18015256,546768.0,9
2018-11-01,18015256,1611080.0,10
2018-12-01,18015256,2426400.0,11
2018-01-01,18015288,648805.0,0
2018-02-01,18015288,5865840.0,1
2018-03-01,18015288,2489340.0,2
2018-04-01,18015288,2385130.0,3
2018-05-01,18015288,1215890.0,4
2018-06-01,18015288,929329.0,5
2018-07-01,18015288,147106.0,6
2018-08-01,18015288,122896.0,7
2018-09-01,18015288,1205140.0,8
2018-10-01,18015288,550575.0,9
2018-11-01,18015288,1734440.0,10
2018-12-01,18015288,2596990.0,11
2018-01-01,18016532,297031.0,0
2018-02-01,18016532,2194880.0,1
2018-03-01,18016532,805131.0,2
2018-04-01,18016532,1057060.0,3
2018-05-01,18016532,551913.0,4
2018-06-01,18016532,475573.0,5
2018-07-01,18016532,102888.0,6
2018-08-01,18016532,150980.0,7
2018-09-01,18016532,233733.0,8
2018-10-01,18016532,120122.0,9
2018-11-01,18016532,433690.0,10
2018-12-01,18016532,792815.0,11
2018-01-01,18020036,453302.0,0
2018-02-01,18020036,3512960.0,1
2018-03-01,18020036,1220850.0,2
2018-04-01,18020036,1316760.0,3
2018-05-01,18020036,598021.0,4
2018-06-01,18020036,652000.0,5
2018-07-01,18020036,154798.0,6
2018-08-01,18020036,155961.0,7
2018-09-01,18020036,324458.0,8
2018-10-01,18020036,189622.0,9
2018-11-01,18020036,937029.0,10
2018-12-01,18020036,1515360.0,11
2018-01-01,18020062,2304910.0,0
2018-02-01,18020062,593295.0,1
2018-03-01,18020062,2374050.0,2
2018-04-01,18020062,7661040.0,3
2018-05-01,18020062,6581210.0,4
2018-06-01,18020062,5349930.0,5
2018-07-01,18020062,2956490.0,6
2018-08-01,18020062,3033200.0,7
2018-09-01,18020062,1908330.0,8
2018-10-01,18020062,7808130.0,9
2018-11-01,18020062,9592210.0,10
2018-12-01,18020062,5960170.0,11
2018-01-01,19219067,125264.0,0
2018-02-01,19219067,1081570.0,1
2018-03-01,19219067,563921.0,2
2018-04-01,19219067,481767.0,3
2018-05-01,19219067,196537.0,4
2018-06-01,19219067,320115.0,5
2018-07-01,19219067,85182.7,6
2018-08-01,19219067,113650.0,7
2018-09-01,19219067,148958.0,8
2018-10-01,19219067,103641.0,9
2018-11-01,19219067,178531.0,10
2018-12-01,19219067,425396.0,11
2018-01-01,19219087,116756.0,0
2018-02-01,19219087,1156730.0,1
2018-03-01,19219087,581920.0,2
2018-04-01,19219087,517272.0,3
2018-05-01,19219087,223468.0,4
2018-06-01,19219087,307603.0,5
2018-07-01,19219087,82376.0,6
2018-08-01,19219087,99901.5,7
2018-09-01,19219087,149219.0,8
2018-10-01,19219087,82047.9,9
2018-11-01,19219087,187561.0,10
2018-12-01,19219087,447148.0,11
2018-01-01,19219141,107926.0,0
2018-02-01,19219141,1057060.0,1
2018-03-01,19219141,593517.0,2
2018-04-01,19219141,518084.0,3
2018-05-01,19219141,153788.0,4
2018-06-01,19219141,270002.0,5
2018-07-01,19219141,61016.4,6
2018-08-01,19219141,75573.0,7
2018-09-01,19219141,161856.0,8
2018-10-01,19219141,75224.4,9
2018-11-01,19219141,182022.0,10
2018-12-01,19219141,457583.0,11
2018-01-01,19274790,3850150.0,0
2018-02-01,19274790,26550700.0,1
2018-03-01,19274790,17018100.0,2
2018-04-01,19274790,10936500.0,3
2018-05-01,19274790,4482690.0,4
2018-06-01,19274790,2870810.0,5
2018-07-01,19274790,1660860.0,6
2018-08-01,19274790,1384500.0,7
2018-09-01,19274790,2605580.0,8
2018-10-01,19274790,4530540.0,9
2018-11-01,19274790,12296300.0,10
2018-12-01,19274790,19986500.0,11
2018-01-01,19916546,135851.0,0
2018-02-01,19916546,768022.0,1
2018-03-01,19916546,415326.0,2
2018-04-01,19916546,128781.0,3
2018-05-01,19916546,86494.3,4
2018-06-01,19916546,66850.2,5
2018-07-01,19916546,72054.8,6
2018-08-01,19916546,53511.7,7
2018-09-01,19916546,49655.9,8
2018-10-01,19916546,84645.6,9
2018-11-01,19916546,195205.0,10
2018-12-01,19916546,368873.0,11
2018-01-01,19917668,189826.0,0
2018-02-01,19917668,1614400.0,1
2018-03-01,19917668,792578.0,2
2018-04-01,19917668,145254.0,3
2018-05-01,19917668,56063.3,4
2018-06-01,19917668,26260.6,5
2018-07-01,19917668,33682.5,6
2018-08-01,19917668,41050.1,7
2018-09-01,19917668,26195.7,8
2018-10-01,19917668,63961.8,9
2018-11-01,19917668,331112.0,10
2018-12-01,19917668,1145980.0,11
2018-01-01,19917742,225756.0,0
2018-02-01,19917742,1684870.0,1
2018-03-01,19917742,828638.0,2
2018-04-01,19917742,323246.0,3
2018-05-01,19917742,78497.2,4
2018-06-01,19917742,64459.2,5
2018-07-01,19917742,125977.0,6
2018-08-01,19917742,73100.3,7
2018-09-01,19917742,55538.5,8
2018-10-01,19917742,139835.0,9
2018-11-01,19917742,277689.0,10
2018-12-01,19917742,1221420.0,11
2018-01-01,19917770,201436.0,0
2018-02-01,19917770,1619760.0,1
2018-03-01,19917770,784509.0,2
2018-04-01,19917770,298896.0,3
2018-05-01,19917770,77727.9,4
2018-06-01,19917770,58137.0,5
2018-07-01,19917770,89254.5,6
2018-08-01,19917770,81172.2,7
2018-09-01,19917770,57112.9,8
2018-10-01,19917770,140268.0,9
2018-11-01,19917770,248597.0,10
2018-12-01,19917770,1122440.0,11
2018-01-01,19917790,1304960.0,0
2018-02-01,19917790,5242890.0,1
2018-03-01,19917790,3680410.0,2
2018-04-01,19917790,1512180.0,3
2018-05-01,19917790,320695.0,4
2018-06-01,19917790,356743.0,5
2018-07-01,19917790,839183.0,6
2018-08-01,19917790,529011.0,7
2018-09-01,19917790,1032260.0,8
2018-10-01,19917790,1455030.0,9
2018-11-01,19917790,1927540.0,10
2018-12-01,19917790,3797500.0,11
2018-01-01,19947456,87142.9,0
2018-02-01,19947456,758703.0,1
2018-03-01,19947456,228698.0,2
2018-04-01,19947456,58071.7,3
2018-05-01,19947456,64468.2,4
2018-06-01,19947456,16917.7,5
2018-07-01,19947456,4830.54,6
2018-08-01,19947456,2259.32,7
2018-09-01,19947456,11093.2,8
2018-10-01,19947456,78164.2,9
2018-11-01,19947456,176689.0,10
2018-12-01,19947456,380088.0,11
2018-01-01,19947462,671742.0,0
2018-02-01,19947462,4583630.0,1
2018-03-01,19947462,1686820.0,2
2018-04-01,19947462,484786.0,3
2018-05-01,19947462,273598.0,4
2018-06-01,19947462,84355.0,5
2018-07-01,19947462,85193.7,6
2018-08-01,19947462,200720.0,7
2018-09-01,19947462,380743.0,8
2018-10-01,19947462,647797.0,9
2018-11-01,19947462,1388170.0,10
2018-12-01,19947462,2291100.0,11
2018-01-01,19947688,26407600.0,0
2018-02-01,19947688,27555000.0,1
2018-03-01,19947688,26144800.0,2
2018-04-01,19947688,16814300.0,3
2018-05-01,19947688,21994500.0,4
2018-06-01,19947688,12544600.0,5
2018-07-01,19947688,4981110.0,6
2018-08-01,19947688,4017640.0,7
2018-09-01,19947688,8264920.0,8
2018-10-01,19947688,15249000.0,9
2018-11-01,19947688,29398800.0,10
2018-12-01,19947688,38185200.0,11
2018-01-01,19948404,100482.0,0
2018-02-01,19948404,793605.0,1
2018-03-01,19948404,220410.0,2
2018-04-01,19948404,67281.8,3
2018-05-01,19948404,65711.6,4
2018-06-01,19948404,23079.6,5
2018-07-01,19948404,4736.11,6
2018-08-01,19948404,3787.96,7
2018-09-01,19948404,11529.4,8
2018-10-01,19948404,88926.7,9
2018-11-01,19948404,234967.0,10
2018-12-01,19948404,389510.0,11
2018-01-01,21920751,1633490.0,0
2018-02-01,21920751,11088900.0,1
2018-03-01,21920751,6290050.0,2
2018-04-01,21920751,3884280.0,3
2018-05-01,21920751,1864550.0,4
2018-06-01,21920751,371755.0,5
2018-07-01,21920751,315322.0,6
2018-08-01,21920751,1652440.0,7
2018-09-01,21920751,3077030.0,8
2018-10-01,21920751,2785330.0,9
2018-11-01,21920751,4024450.0,10
2018-12-01,21920751,6406680.0,11
2018-01-01,21921461,113216.0,0
2018-02-01,21921461,1011800.0,1
2018-03-01,21921461,297080.0,2
2018-04-01,21921461,363737.0,3
2018-05-01,21921461,173707.0,4
2018-06-01,21921461,33339.0,5
2018-07-01,21921461,11683.5,6
2018-08-01,21921461,40684.8,7
2018-09-01,21921461,166688.0,8
2018-10-01,21921461,228009.0,9
2018-11-01,21921461,251980.0,10
2018-12-01,21921461,602878.0,11
2018-01-01,21923921,105267.0,0
2018-02-01,21923921,935370.0,1
2018-03-01,21923921,289723.0,2
2018-04-01,21923921,375143.0,3
2018-05-01,21923921,114847.0,4
2018-06-01,21923921,24957.0,5
2018-07-01,21923921,4228.73,6
2018-08-01,21923921,63562.8,7
2018-09-01,21923921,164108.0,8
2018-10-01,21923921,306629.0,9
2018-11-01,21923921,222882.0,10
2018-12-01,21923921,489354.0,11
2018-01-01,22001680,91823.7,0
2018-02-01,22001680,872767.0,1
2018-03-01,22001680,332220.0,2
2018-04-01,22001680,257514.0,3
2018-05-01,22001680,94595.6,4
2018-06-01,22001680,23633.5,5
2018-07-01,22001680,11178.0,6
2018-08-01,22001680,102909.0,7
2018-09-01,22001680,89842.9,8
2018-10-01,22001680,189543.0,9
2018-11-01,22001680,232660.0,10
2018-12-01,22001680,486876.0,11
2018-01-01,22001684,91823.7,0
2018-02-01,22001684,872767.0,1
2018-03-01,22001684,332220.0,2
2018-04-01,22001684,257514.0,3
2018-05-01,22001684,94595.6,4
2018-06-01,22001684,23633.5,5
2018-07-01,22001684,11178.0,6
2018-08-01,22001684,102909.0,7
2018-09-01,22001684,89842.9,8
2018-10-01,22001684,189543.0,9
2018-11-01,22001684,232660.0,10
2018-12-01,22001684,486876.0,11
2018-01-01,22702324,120916.0,0
2018-02-01,22702324,1832330.0,1
2018-03-01,22702324,727482.0,2
2018-04-01,22702324,504802.0,3
2018-05-01,22702324,115559.0,4
2018-06-01,22702324,25020.6,5
2018-07-01,22702324,8696.3,6
2018-08-01,22702324,101032.0,7
2018-09-01,22702324,106793.0,8
2018-10-01,22702324,396269.0,9
2018-11-01,22702324,510241.0,10
2018-12-01,22702324,1016770.0,11
2018-01-01,22702388,510669.0,0
2018-02-01,22702388,4171900.0,1
2018-03-01,22702388,1801550.0,2
2018-04-01,22702388,1425300.0,3
2018-05-01,22702388,315425.0,4
2018-06-01,22702388,63702.2,5
2018-07-01,22702388,35941.9,6
2018-08-01,22702388,337094.0,7
2018-09-01,22702388,483328.0,8
2018-10-01,22702388,850300.0,9
2018-11-01,22702388,1039810.0,10
2018-12-01,22702388,2156640.0,11
2018-01-01,22702390,286100.0,0
2018-02-01,22702390,2152480.0,1
2018-03-01,22702390,887512.0,2
2018-04-01,22702390,682179.0,3
2018-05-01,22702390,164828.0,4
2018-06-01,22702390,40418.9,5
2018-07-01,22702390,8020.54,6
2018-08-01,22702390,236750.0,7
2018-09-01,22702390,230096.0,8
2018-10-01,22702390,467592.0,9
2018-11-01,22702390,517588.0,10
2018-12-01,22702390,1432660.0,11
2018-01-01,22702554,108379.0,0
2018-02-01,22702554,947458.0,1
2018-03-01,22702554,370788.0,2
2018-04-01,22702554,223846.0,3
2018-05-01,22702554,112151.0,4
2018-06-01,22702554,54741.4,5
2018-07-01,22702554,31284.6,6
2018-08-01,22702554,69747.0,7
2018-09-01,22702554,71278.0,8
2018-10-01,22702554,86348.9,9
2018-11-01,22702554,149693.0,10
2018-12-01,22702554,620246.0,11
2018-01-01,22703128,3015380.0,0
2018-02-01,22703128,15631800.0,1
2018-03-01,22703128,14040500.0,2
2018-04-01,22703128,9551310.0,3
2018-05-01,22703128,2014470.0,4
2018-06-01,22703128,1377490.0,5
2018-07-01,22703128,1233110.0,6
2018-08-01,22703128,5241490.0,7
2018-09-01,22703128,6976360.0,8
2018-10-01,22703128,7049020.0,9
2018-11-01,22703128,8612850.0,10
2018-12-01,22703128,12897200.0,11
2018-01-01,22703902,113133.0,0
2018-02-01,22703902,998474.0,1
2018-03-01,22703902,379992.0,2
2018-04-01,22703902,269781.0,3
2018-05-01,22703902,107747.0,4
2018-06-01,22703902,85593.4,5
2018-07-01,22703902,20906.1,6
2018-08-01,22703902,64883.2,7
2018-09-01,22703902,118034.0,8
2018-10-01,22703902,81681.1,9
2018-11-01,22703902,140297.0,10
2018-12-01,22703902,683042.0,11
2018-01-01,22704872,110600.0,0
2018-02-01,22704872,849216.0,1
2018-03-01,22704872,340382.0,2
2018-04-01,22704872,201681.0,3
2018-05-01,22704872,102433.0,4
2018-06-01,22704872,27134.5,5
2018-07-01,22704872,6649.06,6
2018-08-01,22704872,35589.6,7
2018-09-01,22704872,69050.2,8
2018-10-01,22704872,86474.9,9
2018-11-01,22704872,155134.0,10
2018-12-01,22704872,525774.0,11
2018-01-01,22704944,707283.0,0
2018-02-01,22704944,4937850.0,1
2018-03-01,22704944,2482150.0,2
2018-04-01,22704944,1293110.0,3
2018-05-01,22704944,348564.0,4
2018-06-01,22704944,63720.1,5
2018-07-01,22704944,43688.3,6
2018-08-01,22704944,92958.1,7
2018-09-01,22704944,377516.0,8
2018-10-01,22704944,846004.0,9
2018-11-01,22704944,1464750.0,10
2018-12-01,22704944,2729280.0,11
2018-01-01,22846817,570607.0,0
2018-02-01,22846817,3765920.0,1
2018-03-01,22846817,1469160.0,2
2018-04-01,22846817,1234350.0,3
2018-05-01,22846817,684865.0,4
2018-06-01,22846817,109444.0,5
2018-07-01,22846817,35792.2,6
2018-08-01,22846817,126616.0,7
2018-09-01,22846817,836176.0,8
2018-10-01,22846817,1248740.0,9
2018-11-01,22846817,1326970.0,10
2018-12-01,22846817,2597870.0,11
2018-01-01,22848113,21167100.0,0
2018-02-01,22848113,25601000.0,1
2018-03-01,22848113,27390900.0,2
2018-04-01,22848113,23458800.0,3
2018-05-01,22848113,15572600.0,4
2018-06-01,22848113,24365300.0,5
2018-07-01,22848113,15925700.0,6
2018-08-01,22848113,6583690.0,7
2018-09-01,22848113,5019050.0,8
2018-10-01,22848113,20182800.0,9
2018-11-01,22848113,34594600.0,10
2018-12-01,22848113,28844100.0,11
2018-01-01,938020472,136521.0,0
2018-02-01,938020472,878005.0,1
2018-03-01,938020472,444406.0,2
2018-04-01,938020472,404884.0,3
2018-05-01,938020472,294000.0,4
2018-06-01,938020472,135859.0,5
2018-07-01,938020472,64632.7,6
2018-08-01,938020472,65595.4,7
2018-09-01,938020472,76466.5,8
2018-10-01,938020472,60459.5,9
2018-11-01,938020472,139163.0,10
2018-12-01,938020472,250772.0,11
2018-01-01,938020631,227574.0,0
2018-02-01,938020631,2152890.0,1
2018-03-01,938020631,780710.0,2
2018-04-01,938020631,350430.0,3
2018-05-01,938020631,427752.0,4
2018-06-01,938020631,52553.7,5
2018-07-01,938020631,52077.6,6
2018-08-01,938020631,798210.0,7
2018-09-01,938020631,585781.0,8
2018-10-01,938020631,412830.0,9
2018-11-01,938020631,492187.0,10
2018-12-01,938020631,1424250.0,11
2018-01-01,938020900,107730.0,0
2018-02-01,938020900,949863.0,1
2018-03-01,938020900,252849.0,2
2018-04-01,938020900,200387.0,3
2018-05-01,938020900,103637.0,4
2018-06-01,938020900,24923.0,5
2018-07-01,938020900,12926.0,6
2018-08-01,938020900,99701.1,7
2018-09-01,938020900,126025.0,8
2018-10-01,938020900,216732.0,9
2018-11-01,938020900,279472.0,10
2018-12-01,938020900,619593.0,11
2018-01-01,938030506,295979.0,0
2018-02-01,938030506,1349490.0,1
2018-03-01,938030506,365836.0,2
2018-04-01,938030506,400813.0,3
2018-05-01,938030506,253331.0,4
2018-06-01,938030506,319552.0,5
2018-07-01,938030506,156929.0,6
2018-08-01,938030506,96531.6,7
2018-09-01,938030506,190815.0,8
2018-10-01,938030506,100524.0,9
2018-11-01,938030506,186228.0,10
2018-12-01,938030506,493858.0,11
2018-01-01,938030509,2854420.0,0
2018-02-01,938030509,12270700.0,1
2018-03-01,938030509,6187560.0,2
2018-04-01,938030509,4809700.0,3
2018-05-01,938030509,2699160.0,4
2018-06-01,938030509,2393020.0,5
2018-07-01,938030509,816182.0,6
2018-08-01,938030509,521864.0,7
2018-09-01,938030509,2711640.0,8
2018-10-01,938030509,1089590.0,9
2018-11-01,938030509,3074880.0,10
2018-12-01,938030509,5725870.0,11
2018-01-01,938040553,7881250.0,0
2018-02-01,938040553,33769800.0,1
2018-03-01,938040553,23991900.0,2
2018-04-01,938040553,16999000.0,3
2018-05-01,938040553,6653170.0,4
2018-06-01,938040553,1914430.0,5
2018-07-01,938040553,2125800.0,6
2018-08-01,938040553,4188640.0,7
2018-09-01,938040553,9741210.0,8
2018-10-01,938040553,10618200.0,9
2018-11-01,938040553,17780900.0,10
2018-12-01,938040553,25292200.0,11
